{"cameraMode":{"drawMode":0,"name":"Shaded","section":"Shading Mode"},"sceneLighting":true,"audioPlay":false,"sceneViewState":{"showFog":true,"showMaterialUpdate":false,"showSkybox":true,"showFlares":true,"showImageEffects":true,"showParticleSystems":true},"in2DMode":false,"pivot":{"x":-109.02580261230469,"y":48.74403381347656,"z":-80.55416870117188},"rotation":{"x":-0.1578565388917923,"y":-0.4505094289779663,"z":0.08128105103969574,"w":-0.8749377131462097},"size":29.845605850219728,"orthographic":true}