{"cameraMode":{"drawMode":0,"name":"Shaded","section":"Shading Mode"},"sceneLighting":true,"audioPlay":false,"sceneViewState":{"showFog":true,"showMaterialUpdate":false,"showSkybox":true,"showFlares":true,"showImageEffects":true,"showParticleSystems":true},"in2DMode":false,"pivot":{"x":-129.0078125,"y":50.846405029296878,"z":-102.60664367675781},"rotation":{"x":0.12762561440467835,"y":0.469488263130188,"z":-0.06879669427871704,"w":0.8709532618522644},"size":64.7768325805664,"orthographic":true}