{"cameraMode":{"drawMode":0,"name":"Shaded","section":"Shading Mode"},"sceneLighting":false,"audioPlay":false,"sceneViewState":{"showFog":true,"showMaterialUpdate":false,"showSkybox":true,"showFlares":true,"showImageEffects":true,"showParticleSystems":true},"in2DMode":false,"pivot":{"x":452.5379638671875,"y":-512.9537353515625,"z":-1620.64501953125},"rotation":{"x":0.6881430149078369,"y":-0.008923758752644062,"z":0.00846460834145546,"w":0.725470781326294},"size":2103.89111328125,"orthographic":true}