{"cameraMode":{"drawMode":0,"name":"Shaded","section":"Shading Mode"},"sceneLighting":true,"audioPlay":false,"sceneViewState":{"showFog":true,"showMaterialUpdate":false,"showSkybox":true,"showFlares":true,"showImageEffects":true,"showParticleSystems":true},"in2DMode":false,"pivot":{"x":-169.452880859375,"y":58.16543197631836,"z":-86.85551452636719},"rotation":{"x":0.12766578793525697,"y":-0.16785353422164918,"z":0.021925974637269975,"w":0.9772645235061646},"size":212.84503173828126,"orthographic":true}