{"cameraMode":{"drawMode":0,"name":"Shaded","section":"Shading Mode"},"sceneLighting":true,"audioPlay":false,"sceneViewState":{"showFog":true,"showMaterialUpdate":false,"showSkybox":true,"showFlares":true,"showImageEffects":true,"showParticleSystems":true},"in2DMode":false,"pivot":{"x":-153.78794860839845,"y":3.1914405822753908,"z":31.12718391418457},"rotation":{"x":0.14896942675113679,"y":-0.07822269201278687,"z":0.011822305619716645,"w":0.9856721758842468},"size":116.95954895019531,"orthographic":true}