{"cameraMode":{"drawMode":0,"name":"Shaded","section":"Shading Mode"},"sceneLighting":true,"audioPlay":false,"sceneViewState":{"showFog":true,"showMaterialUpdate":false,"showSkybox":true,"showFlares":true,"showImageEffects":true,"showParticleSystems":true},"in2DMode":false,"pivot":{"x":-114.92935180664063,"y":47.60799789428711,"z":-67.48594665527344},"rotation":{"x":0.017108626663684846,"y":0.6492366790771484,"z":-0.014610355719923973,"w":0.7602536678314209},"size":16.693973541259767,"orthographic":true}