{"cameraMode":{"drawMode":0,"name":"Shaded","section":"Shading Mode"},"sceneLighting":true,"audioPlay":false,"sceneViewState":{"showFog":true,"showMaterialUpdate":false,"showSkybox":true,"showFlares":true,"showImageEffects":true,"showParticleSystems":true},"in2DMode":false,"pivot":{"x":-129.256103515625,"y":48.01190948486328,"z":-92.83723449707031},"rotation":{"x":0.12887732684612275,"y":-0.4352710545063019,"z":0.06311600655317307,"w":0.8887892365455627},"size":8.693140983581543,"orthographic":true}