{"cameraMode":{"drawMode":0,"name":"Shaded","section":"Shading Mode"},"sceneLighting":true,"audioPlay":false,"sceneViewState":{"showFog":true,"showMaterialUpdate":false,"showSkybox":true,"showFlares":true,"showImageEffects":true,"showParticleSystems":true},"in2DMode":false,"pivot":{"x":-98.67688751220703,"y":54.297569274902347,"z":-1.2047007083892823},"rotation":{"x":-0.18860593438148499,"y":-0.2311844378709793,"z":0.04573601111769676,"w":-0.9533571004867554},"size":12.599313735961914,"orthographic":false}