{"cameraMode":{"drawMode":0,"name":"Shaded","section":"Shading Mode"},"sceneLighting":true,"audioPlay":false,"sceneViewState":{"showFog":true,"showMaterialUpdate":false,"showSkybox":true,"showFlares":true,"showImageEffects":true,"showParticleSystems":true},"in2DMode":false,"pivot":{"x":-115.32867431640625,"y":46.026466369628909,"z":-71.08274841308594},"rotation":{"x":0.1905520111322403,"y":-0.1779499650001526,"z":0.03514689952135086,"w":0.9647737741470337},"size":48.755699157714847,"orthographic":true}